Realm ID,Realm Name,Realm Slug,Region ID,Region Name,Connected Realm Names (IDs)
129,Gurubashi,gurubashi,1,North America,"Aegwynn (1136), Bonechewer (83), Hakkar (1142), Garrosh (1373), Daggerspine (109)"
131,Skywall,skywall,1,North America,"Silvermoon (86), Terenas (90), Hydraxis (1368), Drak'thul (1140), Borean Tundra (1371), Mok'Nathal (1374), Shadowsong (85)"
66,Dalaran,dalaran,1,North America,
51,Garona,garona,1,North America,"Malygos (104), Lightning's Blade (95), Icecrown (14), Onyxia (1285), Burning Blade (91)"
103,Thunderlord,thunderlord,1,North America,"Azgalor (77), Destromath (79), Blood Furnace (1558), Mannoroth (70), Nazjatar (1131), Azshara (1128)"
111,Dunemaul,dunemaul,1,North America,"Sen'jin (1185), Maiev (1357), Bloodscalp (119), Quel'dorei (1372), Boulderfist (112), Stonemaul (108)"
121,Azjol-Nerub,azjolnerub,1,North America,"Muradin (1182), Nordrassil (1359), Blackrock (10), Khaz Modan (1143)"
127,Firetree,firetree,1,North America,"Drak'Tharon (1362), Rivendare (1358), Vashj (1348), Spirestone (124), Malorne (1148), Frostwolf (7), Stormscale (110)"
151,Runetotem,runetotem,1,North America,Uther (3)
1579,Grizzly Hills,grizzly-hills,1,North America,"Trollbane (1175), Malfurion (1132), Lothar (68), Kael'thas (1069), Gnomeregan (1287), Moonrunner (153), Ghostlands (1578)"
1581,Galakrond,galakrond,1,North America,Blackhand (54)
1582,Dawnbringer,dawnbringer,1,North America,"Staghelm (160), Madoran (1173), Azuremyst (1549)"
115,Draenor,draenor,1,North America,Echo Isles (1342)
1356,Sisters of Elune,sisters-of-elune,1,North America,"Shadow Council (125), Cenarion Circle (88), Blackwater Raiders (1347)"
88,Cenarion Circle,cenarion-circle,1,North America,"Shadow Council (125), Sisters of Elune (1356), Blackwater Raiders (1347)"
106,Aggramar,aggramar,1,North America,Fizzcrank (1576)
1362,Drak'Tharon,draktharon,1,North America,"Firetree (127), Rivendare (1358), Vashj (1348), Spirestone (124), Malorne (1148), Frostwolf (7), Stormscale (110)"
1072,Ravencrest,ravencrest,1,North America,Uldaman (1283)
87,Windrunner,windrunner,1,North America,"Suramar (113), Darrowmere (1351), Draka (1139)"
126,Scarlet Crusade,scarlet-crusade,1,North America,Feathermoon (118)
58,Stormreaver,stormreaver,1,North America,
67,Elune,elune,1,North America,"Laughing Skull (101), Auchindoun (1555), Cho'gall (1067), Gilneas (97)"
72,Shattered Hand,shattered-hand,1,North America,"Dark Iron (157), Coilfang (1556), Demon Soul (1286), Dalvengyr (1278)"
73,Bleeding Hollow,bleeding-hollow,1,North America,
1175,Trollbane,trollbane,1,North America,"Grizzly Hills (1579), Malfurion (1132), Lothar (68), Kael'thas (1069), Gnomeregan (1287), Moonrunner (153), Ghostlands (1578)"
1355,Winterhoof,winterhoof,1,North America,Kilrogg (4)
1357,Maiev,maiev,1,North America,"Sen'jin (1185), Dunemaul (111), Bloodscalp (119), Quel'dorei (1372), Boulderfist (112), Stonemaul (108)"
1182,Muradin,muradin,1,North America,"Azjol-Nerub (121), Nordrassil (1359), Blackrock (10), Khaz Modan (1143)"
1184,Vek'nilash,veknilash,1,North America,"Nazgrel (1367), Nesingwary (1375)"
1185,Sen'jin,senjin,1,North America,"Dunemaul (111), Maiev (1357), Bloodscalp (119), Quel'dorei (1372), Boulderfist (112), Stonemaul (108)"
74,Skullcrusher,skullcrusher,1,North America,"Eonar (96), Gul'dan (1068), Zuluhed (1259), Ursin (156), Andorhal (1276), Black Dragonflight (1280), Velen (1567), Scilla (1267)"
75,Argent Dawn,argent-dawn,1,North America,The Scryers (1570)
79,Destromath,destromath,1,North America,"Azgalor (77), Thunderlord (103), Blood Furnace (1558), Mannoroth (70), Nazjatar (1131), Azshara (1128)"
80,Gorgonnash,gorgonnash,1,North America,"Warsong (71), The Forgotten Coast (1344), Balnazzar (1075), Alterac Mountains (1293), Undermine (1294), Anvilmar (1288)"
81,Dethecus,dethecus,1,North America,"Detheroc (154), Lethon (1295), Blackwing Lair (1296), Shadowmoon (94), Haomarush (1266)"
83,Bonechewer,bonechewer,1,North America,"Aegwynn (1136), Gurubashi (129), Hakkar (1142), Garrosh (1373), Daggerspine (109)"
84,Dragonmaw,dragonmaw,1,North America,"Uldum (116), Akama (1137), Korialstrasz (1349), Eldre'Thalas (123), Mug'thol (1145), Antonidas (1363)"
86,Silvermoon,silvermoon,1,North America,"Skywall (131), Terenas (90), Hydraxis (1368), Drak'thul (1140), Borean Tundra (1371), Mok'Nathal (1374), Shadowsong (85)"
90,Terenas,terenas,1,North America,"Silvermoon (86), Skywall (131), Hydraxis (1368), Drak'thul (1140), Borean Tundra (1371), Mok'Nathal (1374), Shadowsong (85)"
92,Gorefiend,gorefiend,1,North America,"Hellscream (53), Spinebreaker (82), Zangarmarsh (1572), Wildhammer (159), Eredar (93)"
95,Lightning's Blade,lightnings-blade,1,North America,"Malygos (104), Garona (51), Icecrown (14), Onyxia (1285), Burning Blade (91)"
96,Eonar,eonar,1,North America,"Skullcrusher (74), Gul'dan (1068), Zuluhed (1259), Ursin (156), Andorhal (1276), Black Dragonflight (1280), Velen (1567), Scilla (1267)"
98,Kargath,kargath,1,North America,"Agamaggan (1129), Burning Legion (102), Thunderhorn (105), The Underbog (1559), Blade's Edge (1564), Archimonde (56), Norgannon (1262), Jaedenar (1291)"
99,Llane,llane,1,North America,Arygos (1297)
100,Earthen Ring,earthen-ring,1,North America,
101,Laughing Skull,laughing-skull,1,North America,"Elune (67), Auchindoun (1555), Cho'gall (1067), Gilneas (97)"
102,Burning Legion,burning-legion,1,North America,"Agamaggan (1129), Kargath (98), Thunderhorn (105), The Underbog (1559), Blade's Edge (1564), Archimonde (56), Norgannon (1262), Jaedenar (1291)"
104,Malygos,malygos,1,North America,"Garona (51), Lightning's Blade (95), Icecrown (14), Onyxia (1285), Burning Blade (91)"
105,Thunderhorn,thunderhorn,1,North America,"Agamaggan (1129), Kargath (98), Burning Legion (102), The Underbog (1559), Blade's Edge (1564), Archimonde (56), Norgannon (1262), Jaedenar (1291)"
114,Dragonblight,dragonblight,1,North America,Fenris (1345)
116,Uldum,uldum,1,North America,"Dragonmaw (84), Akama (1137), Korialstrasz (1349), Eldre'Thalas (123), Mug'thol (1145), Antonidas (1363)"
53,Hellscream,hellscream,1,North America,"Gorefiend (92), Spinebreaker (82), Zangarmarsh (1572), Wildhammer (159), Eredar (93)"
4,Kilrogg,kilrogg,1,North America,Winterhoof (1355)
82,Spinebreaker,spinebreaker,1,North America,"Hellscream (53), Gorefiend (92), Zangarmarsh (1572), Wildhammer (159), Eredar (93)"
47,Eitrigg,eitrigg,1,North America,Shu'halo (1354)
89,Nathrezim,nathrezim,1,North America,"Chromaggus (1138), Smolderthorn (130), Anub'arak (1346), Arathor (1165), Garithos (1141), Drenden (1377), Crushridge (107)"
118,Feathermoon,feathermoon,1,North America,Scarlet Crusade (126)
119,Bloodscalp,bloodscalp,1,North America,"Sen'jin (1185), Dunemaul (111), Maiev (1357), Quel'dorei (1372), Boulderfist (112), Stonemaul (108)"
1358,Rivendare,rivendare,1,North America,"Firetree (127), Drak'Tharon (1362), Vashj (1348), Spirestone (124), Malorne (1148), Frostwolf (7), Stormscale (110)"
1359,Nordrassil,nordrassil,1,North America,"Azjol-Nerub (121), Muradin (1182), Blackrock (10), Khaz Modan (1143)"
1361,Cairne,cairne,1,North America,"Cenarius (2), Frostmane (128), Tortheldrin (1360), Ner'zhul (8), Korgath (1146), Perenolde (122)"
1364,Shandris,shandris,1,North America,Bronzebeard (117)
1365,Moon Guard,moon-guard,1,North America,
1367,Nazgrel,nazgrel,1,North America,"Vek'nilash (1184), Nesingwary (1375)"
1368,Hydraxis,hydraxis,1,North America,"Silvermoon (86), Skywall (131), Terenas (90), Drak'thul (1140), Borean Tundra (1371), Mok'Nathal (1374), Shadowsong (85)"
1,Lightbringer,lightbringer,1,North America,
3,Uther,uther,1,North America,Runetotem (151)
5,Proudmoore,proudmoore,1,North America,
2,Cenarius,cenarius,1,North America,"Cairne (1361), Frostmane (128), Tortheldrin (1360), Ner'zhul (8), Korgath (1146), Perenolde (122)"
10,Blackrock,blackrock,1,North America,"Azjol-Nerub (121), Muradin (1182), Nordrassil (1359), Khaz Modan (1143)"
12,Silver Hand,silver-hand,1,North America,"Thorium Brotherhood (1154), Farstriders (1370)"
13,Doomhammer,doomhammer,1,North America,Baelgun (1190)
14,Icecrown,icecrown,1,North America,"Malygos (104), Garona (51), Lightning's Blade (95), Onyxia (1285), Burning Blade (91)"
16,Kel'Thuzad,kelthuzad,1,North America,
128,Frostmane,frostmane,1,North America,"Cairne (1361), Cenarius (2), Tortheldrin (1360), Ner'zhul (8), Korgath (1146), Perenolde (122)"
1173,Madoran,madoran,1,North America,"Staghelm (160), Dawnbringer (1582), Azuremyst (1549)"
1549,Azuremyst,azuremyst,1,North America,"Staghelm (160), Dawnbringer (1582), Madoran (1173)"
1555,Auchindoun,auchindoun,1,North America,"Elune (67), Laughing Skull (101), Cho'gall (1067), Gilneas (97)"
1556,Coilfang,coilfang,1,North America,"Dark Iron (157), Shattered Hand (72), Demon Soul (1286), Dalvengyr (1278)"
1557,Shattered Halls,shattered-halls,1,North America,"Kalecgos (155), Executus (1277), Deathwing (15)"
1558,Blood Furnace,blood-furnace,1,North America,"Azgalor (77), Thunderlord (103), Destromath (79), Mannoroth (70), Nazjatar (1131), Azshara (1128)"
1559,The Underbog,the-underbog,1,North America,"Agamaggan (1129), Kargath (98), Burning Legion (102), Thunderhorn (105), Blade's Edge (1564), Archimonde (56), Norgannon (1262), Jaedenar (1291)"
1563,Terokkar,terokkar,1,North America,Alexstrasza (1070)
1564,Blade's Edge,blades-edge,1,North America,"Agamaggan (1129), Kargath (98), Burning Legion (102), Thunderhorn (105), The Underbog (1559), Archimonde (56), Norgannon (1262), Jaedenar (1291)"
1565,Exodar,exodar,1,North America,"Alleria (52), Medivh (62), Khadgar (65)"
1566,Area 52,area-52,1,North America,
1572,Zangarmarsh,zangarmarsh,1,North America,"Hellscream (53), Gorefiend (92), Spinebreaker (82), Wildhammer (159), Eredar (93)"
1576,Fizzcrank,fizzcrank,1,North America,Aggramar (106)
70,Mannoroth,mannoroth,1,North America,"Azgalor (77), Thunderlord (103), Destromath (79), Blood Furnace (1558), Nazjatar (1131), Azshara (1128)"
1131,Nazjatar,nazjatar,1,North America,"Azgalor (77), Thunderlord (103), Destromath (79), Blood Furnace (1558), Mannoroth (70), Azshara (1128)"
1132,Malfurion,malfurion,1,North America,"Trollbane (1175), Grizzly Hills (1579), Lothar (68), Kael'thas (1069), Gnomeregan (1287), Moonrunner (153), Ghostlands (1578)"
1136,Aegwynn,aegwynn,1,North America,"Gurubashi (129), Bonechewer (83), Hakkar (1142), Garrosh (1373), Daggerspine (109)"
1137,Akama,akama,1,North America,"Dragonmaw (84), Uldum (116), Korialstrasz (1349), Eldre'Thalas (123), Mug'thol (1145), Antonidas (1363)"
162,Emerald Dream,emerald-dream,1,North America,
130,Smolderthorn,smolderthorn,1,North America,"Chromaggus (1138), Nathrezim (89), Anub'arak (1346), Arathor (1165), Garithos (1141), Drenden (1377), Crushridge (107)"
54,Blackhand,blackhand,1,North America,Galakrond (1581)
55,Whisperwind,whisperwind,1,North America,Dentarg (1271)
56,Archimonde,archimonde,1,North America,"Agamaggan (1129), Kargath (98), Burning Legion (102), Thunderhorn (105), The Underbog (1559), Blade's Edge (1564), Norgannon (1262), Jaedenar (1291)"
60,Stormrage,stormrage,1,North America,
62,Medivh,medivh,1,North America,"Alleria (52), Exodar (1565), Khadgar (65)"
63,Durotan,durotan,1,North America,Ysera (1270)
64,Bloodhoof,bloodhoof,1,North America,Duskwood (1258)
65,Khadgar,khadgar,1,North America,"Alleria (52), Exodar (1565), Medivh (62)"
1151,Rexxar,rexxar,1,North America,Misha (1350)
1344,The Forgotten Coast,the-forgotten-coast,1,North America,"Warsong (71), Gorgonnash (80), Balnazzar (1075), Alterac Mountains (1293), Undermine (1294), Anvilmar (1288)"
1154,Thorium Brotherhood,thorium-brotherhood,1,North America,"Silver Hand (12), Farstriders (1370)"
1345,Fenris,fenris,1,North America,Dragonblight (114)
1346,Anub'arak,anubarak,1,North America,"Chromaggus (1138), Nathrezim (89), Smolderthorn (130), Arathor (1165), Garithos (1141), Drenden (1377), Crushridge (107)"
1347,Blackwater Raiders,blackwater-raiders,1,North America,"Shadow Council (125), Sisters of Elune (1356), Cenarion Circle (88)"
1348,Vashj,vashj,1,North America,"Firetree (127), Drak'Tharon (1362), Rivendare (1358), Spirestone (124), Malorne (1148), Frostwolf (7), Stormscale (110)"
1349,Korialstrasz,korialstrasz,1,North America,"Dragonmaw (84), Uldum (116), Akama (1137), Eldre'Thalas (123), Mug'thol (1145), Antonidas (1363)"
1351,Darrowmere,darrowmere,1,North America,"Suramar (113), Windrunner (87), Draka (1139)"
1354,Shu'halo,shuhalo,1,North America,Eitrigg (47)
1165,Arathor,arathor,1,North America,"Chromaggus (1138), Nathrezim (89), Smolderthorn (130), Anub'arak (1346), Garithos (1141), Drenden (1377), Crushridge (107)"
160,Staghelm,staghelm,1,North America,"Dawnbringer (1582), Madoran (1173), Azuremyst (1549)"
123,Eldre'Thalas,eldrethalas,1,North America,"Dragonmaw (84), Uldum (116), Akama (1137), Korialstrasz (1349), Mug'thol (1145), Antonidas (1363)"
1271,Dentarg,dentarg,1,North America,Whisperwind (55)
1286,Demon Soul,demon-soul,1,North America,"Dark Iron (157), Shattered Hand (72), Coilfang (1556), Dalvengyr (1278)"
124,Spirestone,spirestone,1,North America,"Firetree (127), Drak'Tharon (1362), Rivendare (1358), Vashj (1348), Malorne (1148), Frostwolf (7), Stormscale (110)"
6,Hyjal,hyjal,1,North America,
1295,Lethon,lethon,1,North America,"Detheroc (154), Dethecus (81), Blackwing Lair (1296), Shadowmoon (94), Haomarush (1266)"
1296,Blackwing Lair,blackwing-lair,1,North America,"Detheroc (154), Dethecus (81), Lethon (1295), Shadowmoon (94), Haomarush (1266)"
1297,Arygos,arygos,1,North America,Llane (99)
1258,Duskwood,duskwood,1,North America,Bloodhoof (64)
57,Illidan,illidan,1,North America,
68,Lothar,lothar,1,North America,"Trollbane (1175), Grizzly Hills (1579), Malfurion (1132), Kael'thas (1069), Gnomeregan (1287), Moonrunner (153), Ghostlands (1578)"
76,Sargeras,sargeras,1,North America,
77,Azgalor,azgalor,1,North America,"Thunderlord (103), Destromath (79), Blood Furnace (1558), Mannoroth (70), Nazjatar (1131), Azshara (1128)"
78,Magtheridon,magtheridon,1,North America,"Anetheron (1264), Ysondre (1268), Altar of Storms (1282)"
94,Shadowmoon,shadowmoon,1,North America,"Detheroc (154), Dethecus (81), Lethon (1295), Blackwing Lair (1296), Haomarush (1266)"
1425,Drakkari,drakkari,1,North America,
1427,Ragnaros,ragnaros,1,North America,
125,Shadow Council,shadow-council,1,North America,"Sisters of Elune (1356), Cenarion Circle (88), Blackwater Raiders (1347)"
1067,Cho'gall,chogall,1,North America,"Elune (67), Laughing Skull (101), Auchindoun (1555), Gilneas (97)"
1068,Gul'dan,guldan,1,North America,"Eonar (96), Skullcrusher (74), Zuluhed (1259), Ursin (156), Andorhal (1276), Black Dragonflight (1280), Velen (1567), Scilla (1267)"
1069,Kael'thas,kaelthas,1,North America,"Trollbane (1175), Grizzly Hills (1579), Malfurion (1132), Lothar (68), Gnomeregan (1287), Moonrunner (153), Ghostlands (1578)"
1070,Alexstrasza,alexstrasza,1,North America,Terokkar (1563)
1071,Kirin Tor,kirin-tor,1,North America,"Steamwheedle Cartel (1260), Sentinels (1290)"
1075,Balnazzar,balnazzar,1,North America,"Warsong (71), Gorgonnash (80), The Forgotten Coast (1344), Alterac Mountains (1293), Undermine (1294), Anvilmar (1288)"
1140,Drak'thul,drakthul,1,North America,"Silvermoon (86), Skywall (131), Terenas (90), Hydraxis (1368), Borean Tundra (1371), Mok'Nathal (1374), Shadowsong (85)"
1141,Garithos,garithos,1,North America,"Chromaggus (1138), Nathrezim (89), Smolderthorn (130), Anub'arak (1346), Arathor (1165), Drenden (1377), Crushridge (107)"
1142,Hakkar,hakkar,1,North America,"Aegwynn (1136), Gurubashi (129), Bonechewer (83), Garrosh (1373), Daggerspine (109)"
1143,Khaz Modan,khaz-modan,1,North America,"Azjol-Nerub (121), Muradin (1182), Nordrassil (1359), Blackrock (10)"
1145,Mug'thol,mugthol,1,North America,"Dragonmaw (84), Uldum (116), Akama (1137), Korialstrasz (1349), Eldre'Thalas (123), Antonidas (1363)"
1147,Kul Tiras,kul-tiras,1,North America,Bladefist (1353)
1148,Malorne,malorne,1,North America,"Firetree (127), Drak'Tharon (1362), Rivendare (1358), Vashj (1348), Spirestone (124), Frostwolf (7), Stormscale (110)"
1342,Echo Isles,echo-isles,1,North America,Draenor (115)
61,Zul'jin,zuljin,1,North America,
1259,Zuluhed,zuluhed,1,North America,"Eonar (96), Skullcrusher (74), Gul'dan (1068), Ursin (156), Andorhal (1276), Black Dragonflight (1280), Velen (1567), Scilla (1267)"
1260,Steamwheedle Cartel,steamwheedle-cartel,1,North America,"Kirin Tor (1071), Sentinels (1290)"
1262,Norgannon,norgannon,1,North America,"Agamaggan (1129), Kargath (98), Burning Legion (102), Thunderhorn (105), The Underbog (1559), Blade's Edge (1564), Archimonde (56), Jaedenar (1291)"
1263,Thrall,thrall,1,North America,
163,Maelstrom,maelstrom,1,North America,"Twisting Nether (164), Lightninghoof (1130), The Venture Co (1289), Ravenholdt (1352)"
164,Twisting Nether,twisting-nether,1,North America,"Maelstrom (163), Lightninghoof (1130), The Venture Co (1289), Ravenholdt (1352)"
155,Kalecgos,kalecgos,1,North America,"Shattered Halls (1557), Executus (1277), Deathwing (15)"
156,Ursin,ursin,1,North America,"Eonar (96), Skullcrusher (74), Gul'dan (1068), Zuluhed (1259), Andorhal (1276), Black Dragonflight (1280), Velen (1567), Scilla (1267)"
157,Dark Iron,dark-iron,1,North America,"Shattered Hand (72), Coilfang (1556), Demon Soul (1286), Dalvengyr (1278)"
159,Wildhammer,wildhammer,1,North America,"Hellscream (53), Gorefiend (92), Spinebreaker (82), Zangarmarsh (1572), Eredar (93)"
1369,Wyrmrest Accord,wyrmrest-accord,1,North America,
1370,Farstriders,farstriders,1,North America,"Silver Hand (12), Thorium Brotherhood (1154)"
1371,Borean Tundra,borean-tundra,1,North America,"Silvermoon (86), Skywall (131), Terenas (90), Hydraxis (1368), Drak'thul (1140), Mok'Nathal (1374), Shadowsong (85)"
1372,Quel'dorei,queldorei,1,North America,"Sen'jin (1185), Dunemaul (111), Maiev (1357), Bloodscalp (119), Boulderfist (112), Stonemaul (108)"
1373,Garrosh,garrosh,1,North America,"Aegwynn (1136), Gurubashi (129), Bonechewer (83), Hakkar (1142), Daggerspine (109)"
1374,Mok'Nathal,moknathal,1,North America,"Silvermoon (86), Skywall (131), Terenas (90), Hydraxis (1368), Drak'thul (1140), Borean Tundra (1371), Shadowsong (85)"
1375,Nesingwary,nesingwary,1,North America,"Vek'nilash (1184), Nazgrel (1367)"
1377,Drenden,drenden,1,North America,"Chromaggus (1138), Nathrezim (89), Smolderthorn (130), Anub'arak (1346), Arathor (1165), Garithos (1141), Crushridge (107)"
1128,Azshara,azshara,1,North America,"Azgalor (77), Thunderlord (103), Destromath (79), Blood Furnace (1558), Mannoroth (70), Nazjatar (1131)"
1129,Agamaggan,agamaggan,1,North America,"Kargath (98), Burning Legion (102), Thunderhorn (105), The Underbog (1559), Blade's Edge (1564), Archimonde (56), Norgannon (1262), Jaedenar (1291)"
1130,Lightninghoof,lightninghoof,1,North America,"Maelstrom (163), Twisting Nether (164), The Venture Co (1289), Ravenholdt (1352)"
1190,Baelgun,baelgun,1,North America,Doomhammer (13)
1264,Anetheron,anetheron,1,North America,"Magtheridon (78), Ysondre (1268), Altar of Storms (1282)"
1265,Turalyon,turalyon,1,North America,
1266,Haomarush,haomarush,1,North America,"Detheroc (154), Dethecus (81), Lethon (1295), Blackwing Lair (1296), Shadowmoon (94)"
1268,Ysondre,ysondre,1,North America,"Magtheridon (78), Anetheron (1264), Altar of Storms (1282)"
1270,Ysera,ysera,1,North America,Durotan (63)
1276,Andorhal,andorhal,1,North America,"Eonar (96), Skullcrusher (74), Gul'dan (1068), Zuluhed (1259), Ursin (156), Black Dragonflight (1280), Velen (1567), Scilla (1267)"
1277,Executus,executus,1,North America,"Kalecgos (155), Shattered Halls (1557), Deathwing (15)"
1280,Black Dragonflight,black-dragonflight,1,North America,"Eonar (96), Skullcrusher (74), Gul'dan (1068), Zuluhed (1259), Ursin (156), Andorhal (1276), Velen (1567), Scilla (1267)"
1282,Altar of Storms,altar-of-storms,1,North America,"Magtheridon (78), Anetheron (1264), Ysondre (1268)"
1283,Uldaman,uldaman,1,North America,Ravencrest (1072)
1284,Aerie Peak,aerie-peak,1,North America,
1285,Onyxia,onyxia,1,North America,"Malygos (104), Garona (51), Lightning's Blade (95), Icecrown (14), Burning Blade (91)"
1287,Gnomeregan,gnomeregan,1,North America,"Trollbane (1175), Grizzly Hills (1579), Malfurion (1132), Lothar (68), Kael'thas (1069), Moonrunner (153), Ghostlands (1578)"
1289,The Venture Co,the-venture-co,1,North America,"Maelstrom (163), Twisting Nether (164), Lightninghoof (1130), Ravenholdt (1352)"
1290,Sentinels,sentinels,1,North America,"Kirin Tor (1071), Steamwheedle Cartel (1260)"
1291,Jaedenar,jaedenar,1,North America,"Agamaggan (1129), Kargath (98), Burning Legion (102), Thunderhorn (105), The Underbog (1559), Blade's Edge (1564), Archimonde (56), Norgannon (1262)"
1292,Tanaris,tanaris,1,North America,Greymane (158)
1293,Alterac Mountains,alterac-mountains,1,North America,"Warsong (71), Gorgonnash (80), The Forgotten Coast (1344), Balnazzar (1075), Undermine (1294), Anvilmar (1288)"
1294,Undermine,undermine,1,North America,"Warsong (71), Gorgonnash (80), The Forgotten Coast (1344), Balnazzar (1075), Alterac Mountains (1293), Anvilmar (1288)"
11,Tichondrius,tichondrius,1,North America,
1353,Bladefist,bladefist,1,North America,Kul Tiras (1147)
1570,The Scryers,the-scryers,1,North America,Argent Dawn (75)
91,Burning Blade,burning-blade,1,North America,"Malygos (104), Garona (51), Lightning's Blade (95), Icecrown (14), Onyxia (1285)"
113,Suramar,suramar,1,North America,"Windrunner (87), Darrowmere (1351), Draka (1139)"
1360,Tortheldrin,tortheldrin,1,North America,"Cairne (1361), Cenarius (2), Frostmane (128), Ner'zhul (8), Korgath (1146), Perenolde (122)"
8,Ner'zhul,nerzhul,1,North America,"Cairne (1361), Cenarius (2), Frostmane (128), Tortheldrin (1360), Korgath (1146), Perenolde (122)"
52,Alleria,alleria,1,North America,"Exodar (1565), Medivh (62), Khadgar (65)"
15,Deathwing,deathwing,1,North America,"Kalecgos (155), Shattered Halls (1557), Executus (1277)"
69,Arthas,arthas,1,North America,
1139,Draka,draka,1,North America,"Suramar (113), Windrunner (87), Darrowmere (1351)"
1567,Velen,velen,1,North America,"Eonar (96), Skullcrusher (74), Gul'dan (1068), Zuluhed (1259), Ursin (156), Andorhal (1276), Black Dragonflight (1280), Scilla (1267)"
7,Frostwolf,frostwolf,1,North America,"Firetree (127), Drak'Tharon (1362), Rivendare (1358), Vashj (1348), Spirestone (124), Malorne (1148), Stormscale (110)"
1350,Misha,misha,1,North America,Rexxar (1151)
153,Moonrunner,moonrunner,1,North America,"Trollbane (1175), Grizzly Hills (1579), Malfurion (1132), Lothar (68), Kael'thas (1069), Gnomeregan (1287), Ghostlands (1578)"
1578,Ghostlands,ghostlands,1,North America,"Trollbane (1175), Grizzly Hills (1579), Malfurion (1132), Lothar (68), Kael'thas (1069), Gnomeregan (1287), Moonrunner (153)"
93,Eredar,eredar,1,North America,"Hellscream (53), Gorefiend (92), Spinebreaker (82), Zangarmarsh (1572), Wildhammer (159)"
1146,Korgath,korgath,1,North America,"Cairne (1361), Cenarius (2), Frostmane (128), Tortheldrin (1360), Ner'zhul (8), Perenolde (122)"
154,Detheroc,detheroc,1,North America,"Dethecus (81), Lethon (1295), Blackwing Lair (1296), Shadowmoon (94), Haomarush (1266)"
1352,Ravenholdt,ravenholdt,1,North America,"Maelstrom (163), Twisting Nether (164), Lightninghoof (1130), The Venture Co (1289)"
3234,Gallywix,gallywix,1,North America,
107,Crushridge,crushridge,1,North America,"Chromaggus (1138), Nathrezim (89), Smolderthorn (130), Anub'arak (1346), Arathor (1165), Garithos (1141), Drenden (1377)"
109,Daggerspine,daggerspine,1,North America,"Aegwynn (1136), Gurubashi (129), Bonechewer (83), Hakkar (1142), Garrosh (1373)"
110,Stormscale,stormscale,1,North America,"Firetree (127), Drak'Tharon (1362), Rivendare (1358), Vashj (1348), Spirestone (124), Malorne (1148), Frostwolf (7)"
112,Boulderfist,boulderfist,1,North America,"Sen'jin (1185), Dunemaul (111), Maiev (1357), Bloodscalp (119), Quel'dorei (1372), Stonemaul (108)"
108,Stonemaul,stonemaul,1,North America,"Sen'jin (1185), Dunemaul (111), Maiev (1357), Bloodscalp (119), Quel'dorei (1372), Boulderfist (112)"
158,Greymane,greymane,1,North America,Tanaris (1292)
9,Kil'jaeden,kiljaeden,1,North America,
122,Perenolde,perenolde,1,North America,"Cairne (1361), Cenarius (2), Frostmane (128), Tortheldrin (1360), Ner'zhul (8), Korgath (1146)"
85,Shadowsong,shadowsong,1,North America,"Silvermoon (86), Skywall (131), Terenas (90), Hydraxis (1368), Drak'thul (1140), Borean Tundra (1371), Mok'Nathal (1374)"
59,Mal'Ganis,malganis,1,North America,
120,Darkspear,darkspear,1,North America,
117,Bronzebeard,bronzebeard,1,North America,Shandris (1364)
97,Gilneas,gilneas,1,North America,"Elune (67), Laughing Skull (101), Auchindoun (1555), Cho'gall (1067)"
1138,Chromaggus,chromaggus,1,North America,"Nathrezim (89), Smolderthorn (130), Anub'arak (1346), Arathor (1165), Garithos (1141), Drenden (1377), Crushridge (107)"
1363,Antonidas,antonidas,1,North America,"Dragonmaw (84), Uldum (116), Akama (1137), Korialstrasz (1349), Eldre'Thalas (123), Mug'thol (1145)"
71,Warsong,warsong,1,North America,"Gorgonnash (80), The Forgotten Coast (1344), Balnazzar (1075), Alterac Mountains (1293), Undermine (1294), Anvilmar (1288)"
1428,Quel'Thalas,quelthalas,1,North America,
1278,Dalvengyr,dalvengyr,1,North America,"Dark Iron (157), Shattered Hand (72), Coilfang (1556), Demon Soul (1286)"
1267,Scilla,scilla,1,North America,"Eonar (96), Skullcrusher (74), Gul'dan (1068), Zuluhed (1259), Ursin (156), Andorhal (1276), Black Dragonflight (1280), Velen (1567)"
1288,Anvilmar,anvilmar,1,North America,"Warsong (71), Gorgonnash (80), The Forgotten Coast (1344), Balnazzar (1075), Alterac Mountains (1293), Undermine (1294)"
3207,Goldrinn,goldrinn,1,North America,
3208,Nemesis,nemesis,1,North America,Tol Barad (3210)
3209,Azralon,azralon,1,North America,
3210,Tol Barad,tol-barad,1,North America,Nemesis (3208)
3733,Dreadmaul,dreadmaul,1,North America,"Frostmourne (3725), Thaurissan (3724), Jubei'Thos (3736), Gundrak (3737)"
3721,Caelestrasz,caelestrasz,1,North America,"Nagrand (3734), Saurfang (3738)"
3734,Nagrand,nagrand,1,North America,"Caelestrasz (3721), Saurfang (3738)"
3722,Aman'Thul,amanthul,1,North America,"Khaz'goroth (3726), Dath'Remar (3735)"
3723,Barthilas,barthilas,1,North America,
3724,Thaurissan,thaurissan,1,North America,"Frostmourne (3725), Dreadmaul (3733), Jubei'Thos (3736), Gundrak (3737)"
3735,Dath'Remar,dathremar,1,North America,"Khaz'goroth (3726), Aman'Thul (3722)"
3725,Frostmourne,frostmourne,1,North America,"Dreadmaul (3733), Thaurissan (3724), Jubei'Thos (3736), Gundrak (3737)"
3726,Khaz'goroth,khazgoroth,1,North America,"Aman'Thul (3722), Dath'Remar (3735)"
3736,Jubei'Thos,jubeithos,1,North America,"Frostmourne (3725), Dreadmaul (3733), Thaurissan (3724), Gundrak (3737)"
3737,Gundrak,gundrak,1,North America,"Frostmourne (3725), Dreadmaul (3733), Thaurissan (3724), Jubei'Thos (3736)"
3738,Saurfang,saurfang,1,North America,"Caelestrasz (3721), Nagrand (3734)"
1080,Khadgar,khadgar,3,Europe,Bloodhoof (504)
1083,Chromaggus,chromaggus,3,Europe,"Shattered Halls (1598), Sunstrider (511), Balnazzar (607), Talnivarr (1090), Ahn'Qiraj (1093), Daggerspine (526), Laughing Skull (621), Trollbane (1088), Boulderfist (1299)"
1084,Dentarg,dentarg,3,Europe,Tarren Mill (1306)
1086,La Croisade écarlate,la-croisade-écarlate,3,Europe,"Confrérie du Thorium (1127), Culte de la Rive noire (1337), Les Sentinelles (647), Kirin Tor (537), Les Clairvoyants (1626), Conseil des Ombres (644)"
547,Runetotem,runetotem,3,Europe,"Hellfire (1587), Arathor (501), Kilrogg (1311), Nagrand (1589)"
548,Shadowsong,shadowsong,3,Europe,Aszune (502)
549,Silvermoon,silvermoon,3,Europe,
511,Sunstrider,sunstrider,3,Europe,"Shattered Halls (1598), Chromaggus (1083), Balnazzar (607), Talnivarr (1090), Ahn'Qiraj (1093), Daggerspine (526), Laughing Skull (621), Trollbane (1088), Boulderfist (1299)"
1087,Executus,executus,3,Europe,"Kor'gall (633), Shattered Hand (556), Bloodfeather (630), Terokkar (1415), Saurfang (1314), Darkspear (1389), Burning Steppes (1392)"
1089,Mazrigos,mazrigos,3,Europe,Lightbringer (1388)
1596,Karazhan,karazhan,3,Europe,"Dragonblight (507), The Maelstrom (627), Ghostlands (1588), Lightning's Blade (637), Deathwing (527)"
1597,Auchindoun,auchindoun,3,Europe,"Dunemaul (529), Sylvanas (628), Jaedenar (1304)"
1598,Shattered Halls,shattered-halls,3,Europe,"Chromaggus (1083), Sunstrider (511), Balnazzar (607), Talnivarr (1090), Ahn'Qiraj (1093), Daggerspine (526), Laughing Skull (621), Trollbane (1088), Boulderfist (1299)"
1602,Gordunni,gordunni,3,Europe,
1604,Soulflayer,soulflayer,3,Europe,
1605,Deathguard,deathguard,3,Europe,
1606,Sporeggar,sporeggar,3,Europe,"Scarshield Legion (1096), Earthen Ring (561), Defias Brotherhood (635), Ravenholdt (1308), Darkmoon Faire (1317), The Venture Co (636)"
1607,Nethersturm,nethersturm,3,Europe,"Alexstrasza (562), Madmortem (571), Proudmoore (593)"
1608,Shattrath,shattrath,3,Europe,"Garrosh (1401), Nozdormu (574), Perenolde (575), Teldrassil (1407)"
1609,Deepholm,deepholm,3,Europe,"Galakrond (1614), Razuvious (1616)"
1612,Echsenkessel,echsenkessel,3,Europe,"Blackhand (566), Mal'Ganis (590), Taerar (1320)"
1613,Blutkessel,blutkessel,3,Europe,"Arthas (578), Wrathbringer (609), Durotan (535), Kel'Thuzad (588), Vek'lor (1318), Tirion (1328)"
1614,Galakrond,galakrond,3,Europe,"Deepholm (1609), Razuvious (1616)"
1616,Razuvious,razuvious,3,Europe,"Galakrond (1614), Deepholm (1609)"
1617,Deathweaver,deathweaver,3,Europe,"Blackscar (1929), Borean Tundra (1625), Thermaplugg (1926), Grom (1927), Booty Bay (1924)"
551,Terenas,terenas,3,Europe,Emerald Dream (508)
552,Thunderhorn,thunderhorn,3,Europe,Wildhammer (1313)
553,Turalyon,turalyon,3,Europe,Doomhammer (505)
554,Ravencrest,ravencrest,3,Europe,
556,Shattered Hand,shattered-hand,3,Europe,"Kor'gall (633), Executus (1087), Bloodfeather (630), Terokkar (1415), Saurfang (1314), Darkspear (1389), Burning Steppes (1392)"
558,Spinebreaker,spinebreaker,3,Europe,"Dragonmaw (528), Vashj (629), Stormreaver (559), Haomarush (638)"
560,Stormscale,stormscale,3,Europe,
561,Earthen Ring,earthen-ring,3,Europe,"Scarshield Legion (1096), Sporeggar (1606), Defias Brotherhood (635), Ravenholdt (1308), Darkmoon Faire (1317), The Venture Co (636)"
562,Alexstrasza,alexstrasza,3,Europe,"Nethersturm (1607), Madmortem (571), Proudmoore (593)"
563,Alleria,alleria,3,Europe,Rexxar (1099)
564,Antonidas,antonidas,3,Europe,
566,Blackhand,blackhand,3,Europe,"Echsenkessel (1612), Mal'Ganis (590), Taerar (1320)"
567,Gilneas,gilneas,3,Europe,"Nefarian (612), Destromath (582), Ulduar (1323), Mannoroth (591), Gorgonnash (586), Nera'thor (611)"
568,Kargath,kargath,3,Europe,"Thrall (604), Ambossar (1330)"
569,Khaz'goroth,khazgoroth,3,Europe,Arygos (1406)
571,Madmortem,madmortem,3,Europe,"Nethersturm (1607), Alexstrasza (562), Proudmoore (593)"
573,Zuluhed,zuluhed,3,Europe,"Nazjatar (1105), Dalvengyr (1321), Aman'Thul (601), Frostmourne (584), Anub'arak (608)"
574,Nozdormu,nozdormu,3,Europe,"Garrosh (1401), Shattrath (1608), Perenolde (575), Teldrassil (1407)"
575,Perenolde,perenolde,3,Europe,"Garrosh (1401), Shattrath (1608), Nozdormu (574), Teldrassil (1407)"
577,Aegwynn,aegwynn,3,Europe,
600,Dun Morogh,dun-morogh,3,Europe,Norgannon (1408)
604,Thrall,thrall,3,Europe,"Kargath (568), Ambossar (1330)"
605,Theradras,theradras,3,Europe,"Dethecus (531), Onyxia (610), Mug'thol (1319), Terrordar (615)"
606,Genjuros,genjuros,3,Europe,"Zenedar (515), Bladefist (521), Neptulon (624), Frostwhisper (632), Darksorrow (631)"
607,Balnazzar,balnazzar,3,Europe,"Shattered Halls (1598), Chromaggus (1083), Sunstrider (511), Talnivarr (1090), Ahn'Qiraj (1093), Daggerspine (526), Laughing Skull (621), Trollbane (1088), Boulderfist (1299)"
609,Wrathbringer,wrathbringer,3,Europe,"Arthas (578), Blutkessel (1613), Durotan (535), Kel'Thuzad (588), Vek'lor (1318), Tirion (1328)"
1090,Talnivarr,talnivarr,3,Europe,"Shattered Halls (1598), Chromaggus (1083), Sunstrider (511), Balnazzar (607), Ahn'Qiraj (1093), Daggerspine (526), Laughing Skull (621), Trollbane (1088), Boulderfist (1299)"
1091,Emeriss,emeriss,3,Europe,"Twilight's Hammer (513), Bloodscalp (522), Crushridge (525), Agamaggan (518), Hakkar (646)"
1092,Drak'thul,drakthul,3,Europe,Burning Blade (523)
1093,Ahn'Qiraj,ahnqiraj,3,Europe,"Shattered Halls (1598), Chromaggus (1083), Sunstrider (511), Balnazzar (607), Talnivarr (1090), Daggerspine (526), Laughing Skull (621), Trollbane (1088), Boulderfist (1299)"
1097,Ysera,ysera,3,Europe,Malorne (1324)
1098,Malygos,malygos,3,Europe,Malfurion (572)
1104,Anetheron,anetheron,3,Europe,"Kil'jaeden (589), Rajaxx (1322), Festung der Stürme (1611), Gul'dan (587), Nathrezim (594)"
1105,Nazjatar,nazjatar,3,Europe,"Zuluhed (573), Dalvengyr (1321), Aman'Thul (601), Frostmourne (584), Anub'arak (608)"
1106,Tichondrius,tichondrius,3,Europe,"Blackmoore (580), Lordaeron (1409)"
1117,Steamwheedle Cartel,steamwheedle-cartel,3,Europe,"Moonglade (1085), The Sha'tar (1595)"
1118,Die ewige Wacht,die-ewige-wacht,3,Europe,"Die Arguswacht (1121), Die Todeskrallen (1119), Das Syndikat (614), Der abyssische Rat (1326), Kult der Verdammten (613), Das Konsortium (1619), Die Silberne Hand (576)"
1119,Die Todeskrallen,die-todeskrallen,3,Europe,"Die Arguswacht (1121), Die ewige Wacht (1118), Das Syndikat (614), Der abyssische Rat (1326), Kult der Verdammten (613), Das Konsortium (1619), Die Silberne Hand (576)"
1121,Die Arguswacht,die-arguswacht,3,Europe,"Die ewige Wacht (1118), Die Todeskrallen (1119), Das Syndikat (614), Der abyssische Rat (1326), Kult der Verdammten (613), Das Konsortium (1619), Die Silberne Hand (576)"
1122,Uldaman,uldaman,3,Europe,"Drek'Thar (641), Krasus (1332), Eitrigg (1123)"
1127,Confrérie du Thorium,confrérie-du-thorium,3,Europe,"La Croisade écarlate (1086), Culte de la Rive noire (1337), Les Sentinelles (647), Kirin Tor (537), Les Clairvoyants (1626), Conseil des Ombres (644)"
507,Dragonblight,dragonblight,3,Europe,"Karazhan (1596), The Maelstrom (627), Ghostlands (1588), Lightning's Blade (637), Deathwing (527)"
1306,Tarren Mill,tarren-mill,3,Europe,Dentarg (1084)
1381,C'Thun,cthun,3,Europe,Dun Modr (1378)
1391,Alonsus,alonsus,3,Europe,"Kul Tiras (1082), Anachronos (1394)"
1416,Blade's Edge,blades-edge,3,Europe,"Eonar (1310), Vek'nilash (1298), Aerie Peak (1312), Bronzebeard (1081)"
505,Doomhammer,doomhammer,3,Europe,Turalyon (553)
513,Twilight's Hammer,twilights-hammer,3,Europe,"Emeriss (1091), Bloodscalp (522), Crushridge (525), Agamaggan (518), Hakkar (646)"
526,Daggerspine,daggerspine,3,Europe,"Shattered Halls (1598), Chromaggus (1083), Sunstrider (511), Balnazzar (607), Talnivarr (1090), Ahn'Qiraj (1093), Laughing Skull (621), Trollbane (1088), Boulderfist (1299)"
546,Sargeras,sargeras,3,Europe,"Garona (509), Ner'zhul (544)"
508,Emerald Dream,emerald-dream,3,Europe,Terenas (551)
623,Quel'Thalas,quelthalas,3,Europe,Azjol-Nerub (503)
522,Bloodscalp,bloodscalp,3,Europe,"Emeriss (1091), Twilight's Hammer (513), Crushridge (525), Agamaggan (518), Hakkar (646)"
523,Burning Blade,burning-blade,3,Europe,Drak'thul (1092)
525,Crushridge,crushridge,3,Europe,"Emeriss (1091), Twilight's Hammer (513), Bloodscalp (522), Agamaggan (518), Hakkar (646)"
528,Dragonmaw,dragonmaw,3,Europe,"Spinebreaker (558), Vashj (629), Stormreaver (559), Haomarush (638)"
529,Dunemaul,dunemaul,3,Europe,"Auchindoun (1597), Sylvanas (628), Jaedenar (1304)"
531,Dethecus,dethecus,3,Europe,"Theradras (605), Onyxia (610), Mug'thol (1319), Terrordar (615)"
535,Durotan,durotan,3,Europe,"Arthas (578), Blutkessel (1613), Wrathbringer (609), Kel'Thuzad (588), Vek'lor (1318), Tirion (1328)"
500,Aggramar,aggramar,3,Europe,Hellscream (619)
501,Arathor,arathor,3,Europe,"Hellfire (1587), Runetotem (547), Kilrogg (1311), Nagrand (1589)"
503,Azjol-Nerub,azjolnerub,3,Europe,Quel'Thalas (623)
506,Draenor,draenor,3,Europe,
510,Vol'jin,voljin,3,Europe,Chants éternels (1620)
512,Arak-arahm,arakarahm,3,Europe,"Rashgarroth (642), Kael'thas (543), Throk'Feroth (643)"
515,Zenedar,zenedar,3,Europe,"Genjuros (606), Bladefist (521), Neptulon (624), Frostwhisper (632), Darksorrow (631)"
518,Agamaggan,agamaggan,3,Europe,"Emeriss (1091), Twilight's Hammer (513), Bloodscalp (522), Crushridge (525), Hakkar (646)"
521,Bladefist,bladefist,3,Europe,"Genjuros (606), Zenedar (515), Neptulon (624), Frostwhisper (632), Darksorrow (631)"
1337,Culte de la Rive noire,culte-de-la-rive-noire,3,Europe,"Confrérie du Thorium (1127), La Croisade écarlate (1086), Les Sentinelles (647), Kirin Tor (537), Les Clairvoyants (1626), Conseil des Ombres (644)"
536,Argent Dawn,argent-dawn,3,Europe,
610,Onyxia,onyxia,3,Europe,"Dethecus (531), Theradras (605), Mug'thol (1319), Terrordar (615)"
612,Nefarian,nefarian,3,Europe,"Gilneas (567), Destromath (582), Ulduar (1323), Mannoroth (591), Gorgonnash (586), Nera'thor (611)"
614,Das Syndikat,das-syndikat,3,Europe,"Die Arguswacht (1121), Die ewige Wacht (1118), Die Todeskrallen (1119), Der abyssische Rat (1326), Kult der Verdammten (613), Das Konsortium (1619), Die Silberne Hand (576)"
621,Laughing Skull,laughing-skull,3,Europe,"Shattered Halls (1598), Chromaggus (1083), Sunstrider (511), Balnazzar (607), Talnivarr (1090), Ahn'Qiraj (1093), Daggerspine (526), Trollbane (1088), Boulderfist (1299)"
624,Neptulon,neptulon,3,Europe,"Genjuros (606), Zenedar (515), Bladefist (521), Frostwhisper (632), Darksorrow (631)"
625,Twisting Nether,twisting-nether,3,Europe,
627,The Maelstrom,the-maelstrom,3,Europe,"Karazhan (1596), Dragonblight (507), Ghostlands (1588), Lightning's Blade (637), Deathwing (527)"
630,Bloodfeather,bloodfeather,3,Europe,"Kor'gall (633), Executus (1087), Shattered Hand (556), Terokkar (1415), Saurfang (1314), Darkspear (1389), Burning Steppes (1392)"
632,Frostwhisper,frostwhisper,3,Europe,"Genjuros (606), Zenedar (515), Bladefist (521), Neptulon (624), Darksorrow (631)"
633,Kor'gall,korgall,3,Europe,"Executus (1087), Shattered Hand (556), Bloodfeather (630), Terokkar (1415), Saurfang (1314), Darkspear (1389), Burning Steppes (1392)"
635,Defias Brotherhood,defias-brotherhood,3,Europe,"Scarshield Legion (1096), Sporeggar (1606), Earthen Ring (561), Ravenholdt (1308), Darkmoon Faire (1317), The Venture Co (636)"
642,Rashgarroth,rashgarroth,3,Europe,"Arak-arahm (512), Kael'thas (543), Throk'Feroth (643)"
647,Les Sentinelles,les-sentinelles,3,Europe,"Confrérie du Thorium (1127), La Croisade écarlate (1086), Culte de la Rive noire (1337), Kirin Tor (537), Les Clairvoyants (1626), Conseil des Ombres (644)"
1331,Suramar,suramar,3,Europe,Medivh (517)
1401,Garrosh,garrosh,3,Europe,"Shattrath (1608), Nozdormu (574), Perenolde (575), Teldrassil (1407)"
1406,Arygos,arygos,3,Europe,Khaz'goroth (569)
1407,Teldrassil,teldrassil,3,Europe,"Garrosh (1401), Shattrath (1608), Nozdormu (574), Perenolde (575)"
1409,Lordaeron,lordaeron,3,Europe,"Blackmoore (580), Tichondrius (1106)"
1413,Aggra (Português),aggra-português,3,Europe,"Grim Batol (1303), Frostmane (1300)"
1415,Terokkar,terokkar,3,Europe,"Kor'gall (633), Executus (1087), Shattered Hand (556), Bloodfeather (630), Saurfang (1314), Darkspear (1389), Burning Steppes (1392)"
565,Baelgun,baelgun,3,Europe,"Lothar (570), Azshara (579), Krag'jin (616)"
545,Cho'gall,chogall,3,Europe,"Marécage de Zangar (1621), Eldre'Thalas (1336), Sinstralis (533), Dalaran (538)"
618,Nordrassil,nordrassil,3,Europe,Bronze Dragonflight (1393)
628,Sylvanas,sylvanas,3,Europe,"Auchindoun (1597), Dunemaul (529), Jaedenar (1304)"
641,Drek'Thar,drekthar,3,Europe,"Uldaman (1122), Krasus (1332), Eitrigg (1123)"
1588,Ghostlands,ghostlands,3,Europe,"Karazhan (1596), Dragonblight (507), The Maelstrom (627), Lightning's Blade (637), Deathwing (527)"
1595,The Sha'tar,the-shatar,3,Europe,"Moonglade (1085), Steamwheedle Cartel (1117)"
1620,Chants éternels,chants-éternels,3,Europe,Vol'jin (510)
1621,Marécage de Zangar,marécage-de-zangar,3,Europe,"Cho'gall (545), Eldre'Thalas (1336), Sinstralis (533), Dalaran (538)"
1624,Naxxramas,naxxramas,3,Europe,"Arathi (1334), Illidan (541), Temple noir (1622)"
578,Arthas,arthas,3,Europe,"Blutkessel (1613), Wrathbringer (609), Durotan (535), Kel'Thuzad (588), Vek'lor (1318), Tirion (1328)"
579,Azshara,azshara,3,Europe,"Lothar (570), Baelgun (565), Krag'jin (616)"
580,Blackmoore,blackmoore,3,Europe,"Tichondrius (1106), Lordaeron (1409)"
582,Destromath,destromath,3,Europe,"Nefarian (612), Gilneas (567), Ulduar (1323), Mannoroth (591), Gorgonnash (586), Nera'thor (611)"
583,Eredar,eredar,3,Europe,
585,Frostwolf,frostwolf,3,Europe,
589,Kil'jaeden,kiljaeden,3,Europe,"Anetheron (1104), Rajaxx (1322), Festung der Stürme (1611), Gul'dan (587), Nathrezim (594)"
590,Mal'Ganis,malganis,3,Europe,"Echsenkessel (1612), Blackhand (566), Taerar (1320)"
592,Zirkel des Cenarius,zirkel-des-cenarius,3,Europe,"Todeswache (1405), Der Mithrilorden (1327), Forscherliga (516), Der Rat von Dalaran (617), Die Nachtwache (1333)"
629,Vashj,vashj,3,Europe,"Spinebreaker (558), Dragonmaw (528), Stormreaver (559), Haomarush (638)"
542,Hyjal,hyjal,3,Europe,
1323,Ulduar,ulduar,3,Europe,"Nefarian (612), Gilneas (567), Destromath (582), Mannoroth (591), Gorgonnash (586), Nera'thor (611)"
1615,Howling Fjord,howling-fjord,3,Europe,
519,Al'Akir,alakir,3,Europe,"Skullcrusher (557), Xavius (639), Burning Legion (524)"
559,Stormreaver,stormreaver,3,Europe,"Spinebreaker (558), Dragonmaw (528), Vashj (629), Haomarush (638)"
622,Magtheridon,magtheridon,3,Europe,
637,Lightning's Blade,lightnings-blade,3,Europe,"Karazhan (1596), Dragonblight (507), The Maelstrom (627), Ghostlands (1588), Deathwing (527)"
537,Kirin Tor,kirin-tor,3,Europe,"Confrérie du Thorium (1127), La Croisade écarlate (1086), Culte de la Rive noire (1337), Les Sentinelles (647), Les Clairvoyants (1626), Conseil des Ombres (644)"
539,Archimonde,archimonde,3,Europe,
540,Elune,elune,3,Europe,Varimathras (645)
1307,Chamber of Aspects,chamber-of-aspects,3,Europe,
1308,Ravenholdt,ravenholdt,3,Europe,"Scarshield Legion (1096), Sporeggar (1606), Earthen Ring (561), Defias Brotherhood (635), Darkmoon Faire (1317), The Venture Co (636)"
1309,Pozzo dell'Eternità,pozzo-delleternità,3,Europe,
1310,Eonar,eonar,3,Europe,"Blade's Edge (1416), Vek'nilash (1298), Aerie Peak (1312), Bronzebeard (1081)"
1298,Vek'nilash,veknilash,3,Europe,"Blade's Edge (1416), Eonar (1310), Aerie Peak (1312), Bronzebeard (1081)"
1300,Frostmane,frostmane,3,Europe,"Grim Batol (1303), Aggra (Português) (1413)"
504,Bloodhoof,bloodhoof,3,Europe,Khadgar (1080)
543,Kael'thas,kaelthas,3,Europe,"Arak-arahm (512), Rashgarroth (642), Throk'Feroth (643)"
638,Haomarush,haomarush,3,Europe,"Spinebreaker (558), Dragonmaw (528), Vashj (629), Stormreaver (559)"
640,Khaz Modan,khaz-modan,3,Europe,
645,Varimathras,varimathras,3,Europe,Elune (540)
646,Hakkar,hakkar,3,Europe,"Emeriss (1091), Twilight's Hammer (513), Bloodscalp (522), Crushridge (525), Agamaggan (518)"
581,Blackrock,blackrock,3,Europe,
588,Kel'Thuzad,kelthuzad,3,Europe,"Arthas (578), Blutkessel (1613), Wrathbringer (609), Durotan (535), Vek'lor (1318), Tirion (1328)"
591,Mannoroth,mannoroth,3,Europe,"Nefarian (612), Gilneas (567), Destromath (582), Ulduar (1323), Gorgonnash (586), Nera'thor (611)"
593,Proudmoore,proudmoore,3,Europe,"Nethersturm (1607), Alexstrasza (562), Madmortem (571)"
509,Garona,garona,3,Europe,"Sargeras (546), Ner'zhul (544)"
1317,Darkmoon Faire,darkmoon-faire,3,Europe,"Scarshield Legion (1096), Sporeggar (1606), Earthen Ring (561), Defias Brotherhood (635), Ravenholdt (1308), The Venture Co (636)"
1318,Vek'lor,veklor,3,Europe,"Arthas (578), Blutkessel (1613), Wrathbringer (609), Durotan (535), Kel'Thuzad (588), Tirion (1328)"
1319,Mug'thol,mugthol,3,Europe,"Dethecus (531), Theradras (605), Onyxia (610), Terrordar (615)"
1320,Taerar,taerar,3,Europe,"Echsenkessel (1612), Blackhand (566), Mal'Ganis (590)"
1321,Dalvengyr,dalvengyr,3,Europe,"Nazjatar (1105), Zuluhed (573), Aman'Thul (601), Frostmourne (584), Anub'arak (608)"
1322,Rajaxx,rajaxx,3,Europe,"Anetheron (1104), Kil'jaeden (589), Festung der Stürme (1611), Gul'dan (587), Nathrezim (594)"
1324,Malorne,malorne,3,Europe,Ysera (1097)
1326,Der abyssische Rat,der-abyssische-rat,3,Europe,"Die Arguswacht (1121), Die ewige Wacht (1118), Die Todeskrallen (1119), Das Syndikat (614), Kult der Verdammten (613), Das Konsortium (1619), Die Silberne Hand (576)"
1327,Der Mithrilorden,der-mithrilorden,3,Europe,"Todeswache (1405), Zirkel des Cenarius (592), Forscherliga (516), Der Rat von Dalaran (617), Die Nachtwache (1333)"
1330,Ambossar,ambossar,3,Europe,"Thrall (604), Kargath (568)"
1332,Krasus,krasus,3,Europe,"Uldaman (1122), Drek'Thar (641), Eitrigg (1123)"
1334,Arathi,arathi,3,Europe,"Naxxramas (1624), Illidan (541), Temple noir (1622)"
1335,Ysondre,ysondre,3,Europe,
1336,Eldre'Thalas,eldrethalas,3,Europe,"Marécage de Zangar (1621), Cho'gall (545), Sinstralis (533), Dalaran (538)"
1311,Kilrogg,kilrogg,3,Europe,"Hellfire (1587), Runetotem (547), Arathor (501), Nagrand (1589)"
1313,Wildhammer,wildhammer,3,Europe,Thunderhorn (552)
1314,Saurfang,saurfang,3,Europe,"Kor'gall (633), Executus (1087), Shattered Hand (556), Bloodfeather (630), Terokkar (1415), Darkspear (1389), Burning Steppes (1392)"
1316,Nemesis,nemesis,3,Europe,
1623,Fordragon,fordragon,3,Europe,
1625,Borean Tundra,borean-tundra,3,Europe,"Blackscar (1929), Deathweaver (1617), Thermaplugg (1926), Grom (1927), Booty Bay (1924)"
1626,Les Clairvoyants,les-clairvoyants,3,Europe,"Confrérie du Thorium (1127), La Croisade écarlate (1086), Culte de la Rive noire (1337), Les Sentinelles (647), Kirin Tor (537), Conseil des Ombres (644)"
557,Skullcrusher,skullcrusher,3,Europe,"Al'Akir (519), Xavius (639), Burning Legion (524)"
570,Lothar,lothar,3,Europe,"Baelgun (565), Azshara (579), Krag'jin (616)"
533,Sinstralis,sinstralis,3,Europe,"Marécage de Zangar (1621), Cho'gall (545), Eldre'Thalas (1336), Dalaran (538)"
615,Terrordar,terrordar,3,Europe,"Dethecus (531), Theradras (605), Onyxia (610), Mug'thol (1319)"
1096,Scarshield Legion,scarshield-legion,3,Europe,"Sporeggar (1606), Earthen Ring (561), Defias Brotherhood (635), Ravenholdt (1308), Darkmoon Faire (1317), The Venture Co (636)"
1082,Kul Tiras,kul-tiras,3,Europe,"Alonsus (1391), Anachronos (1394)"
550,Stormrage,stormrage,3,Europe,Azuremyst (1417)
544,Ner'zhul,nerzhul,3,Europe,"Garona (509), Sargeras (546)"
1378,Dun Modr,dun-modr,3,Europe,C'Thun (1381)
1379,Zul'jin,zuljin,3,Europe,"Uldum (1380), Sanguino (1382), Shen'dralar (1383)"
1380,Uldum,uldum,3,Europe,"Zul'jin (1379), Sanguino (1382), Shen'dralar (1383)"
1382,Sanguino,sanguino,3,Europe,"Zul'jin (1379), Uldum (1380), Shen'dralar (1383)"
1383,Shen'dralar,shendralar,3,Europe,"Zul'jin (1379), Uldum (1380), Sanguino (1382)"
1384,Tyrande,tyrande,3,Europe,"Los Errantes (1387), Colinas Pardas (1395)"
1385,Exodar,exodar,3,Europe,Minahonda (1386)
1387,Los Errantes,los-errantes,3,Europe,"Tyrande (1384), Colinas Pardas (1395)"
1388,Lightbringer,lightbringer,3,Europe,Mazrigos (1089)
1389,Darkspear,darkspear,3,Europe,"Kor'gall (633), Executus (1087), Shattered Hand (556), Bloodfeather (630), Terokkar (1415), Saurfang (1314), Burning Steppes (1392)"
1392,Burning Steppes,burning-steppes,3,Europe,"Kor'gall (633), Executus (1087), Shattered Hand (556), Bloodfeather (630), Terokkar (1415), Saurfang (1314), Darkspear (1389)"
1393,Bronze Dragonflight,bronze-dragonflight,3,Europe,Nordrassil (618)
1394,Anachronos,anachronos,3,Europe,"Kul Tiras (1082), Alonsus (1391)"
1395,Colinas Pardas,colinas-pardas,3,Europe,"Tyrande (1384), Los Errantes (1387)"
1400,Un'Goro,ungoro,3,Europe,"Sen'jin (602), Area 52 (1404)"
541,Illidan,illidan,3,Europe,"Naxxramas (1624), Arathi (1334), Temple noir (1622)"
1099,Rexxar,rexxar,3,Europe,Alleria (563)
1611,Festung der Stürme,festung-der-stürme,3,Europe,"Anetheron (1104), Kil'jaeden (589), Rajaxx (1322), Gul'dan (587), Nathrezim (594)"
587,Gul'dan,guldan,3,Europe,"Anetheron (1104), Kil'jaeden (589), Rajaxx (1322), Festung der Stürme (1611), Nathrezim (594)"
502,Aszune,aszune,3,Europe,Shadowsong (548)
1312,Aerie Peak,aerie-peak,3,Europe,"Blade's Edge (1416), Eonar (1310), Vek'nilash (1298), Bronzebeard (1081)"
639,Xavius,xavius,3,Europe,"Al'Akir (519), Skullcrusher (557), Burning Legion (524)"
643,Throk'Feroth,throkferoth,3,Europe,"Arak-arahm (512), Rashgarroth (642), Kael'thas (543)"
1386,Minahonda,minahonda,3,Europe,Exodar (1385)
1328,Tirion,tirion,3,Europe,"Arthas (578), Blutkessel (1613), Wrathbringer (609), Durotan (535), Kel'Thuzad (588), Vek'lor (1318)"
602,Sen'jin,senjin,3,Europe,"Un'Goro (1400), Area 52 (1404)"
1088,Trollbane,trollbane,3,Europe,"Shattered Halls (1598), Chromaggus (1083), Sunstrider (511), Balnazzar (607), Talnivarr (1090), Ahn'Qiraj (1093), Daggerspine (526), Laughing Skull (621), Boulderfist (1299)"
601,Aman'Thul,amanthul,3,Europe,"Nazjatar (1105), Zuluhed (573), Dalvengyr (1321), Frostmourne (584), Anub'arak (608)"
1081,Bronzebeard,bronzebeard,3,Europe,"Blade's Edge (1416), Eonar (1310), Vek'nilash (1298), Aerie Peak (1312)"
1618,Die Aldor,die-aldor,3,Europe,
1622,Temple noir,temple-noir,3,Europe,"Naxxramas (1624), Arathi (1334), Illidan (541)"
1925,Eversong,eversong,3,Europe,
1926,Thermaplugg,thermaplugg,3,Europe,"Blackscar (1929), Deathweaver (1617), Borean Tundra (1625), Grom (1927), Booty Bay (1924)"
1927,Grom,grom,3,Europe,"Blackscar (1929), Deathweaver (1617), Borean Tundra (1625), Thermaplugg (1926), Booty Bay (1924)"
1928,Goldrinn,goldrinn,3,Europe,"Lich King (1603), Greymane (1610)"
1929,Blackscar,blackscar,3,Europe,"Deathweaver (1617), Borean Tundra (1625), Thermaplugg (1926), Grom (1927), Booty Bay (1924)"
516,Forscherliga,forscherliga,3,Europe,"Todeswache (1405), Zirkel des Cenarius (592), Der Mithrilorden (1327), Der Rat von Dalaran (617), Die Nachtwache (1333)"
1123,Eitrigg,eitrigg,3,Europe,"Uldaman (1122), Drek'Thar (641), Krasus (1332)"
1405,Todeswache,todeswache,3,Europe,"Zirkel des Cenarius (592), Der Mithrilorden (1327), Forscherliga (516), Der Rat von Dalaran (617), Die Nachtwache (1333)"
538,Dalaran,dalaran,3,Europe,"Marécage de Zangar (1621), Cho'gall (545), Eldre'Thalas (1336), Sinstralis (533)"
584,Frostmourne,frostmourne,3,Europe,"Nazjatar (1105), Zuluhed (573), Dalvengyr (1321), Aman'Thul (601), Anub'arak (608)"
572,Malfurion,malfurion,3,Europe,Malygos (1098)
616,Krag'jin,kragjin,3,Europe,"Lothar (570), Baelgun (565), Azshara (579)"
586,Gorgonnash,gorgonnash,3,Europe,"Nefarian (612), Gilneas (567), Destromath (582), Ulduar (1323), Mannoroth (591), Nera'thor (611)"
524,Burning Legion,burning-legion,3,Europe,"Al'Akir (519), Skullcrusher (557), Xavius (639)"
1417,Azuremyst,azuremyst,3,Europe,Stormrage (550)
608,Anub'arak,anubarak,3,Europe,"Nazjatar (1105), Zuluhed (573), Dalvengyr (1321), Aman'Thul (601), Frostmourne (584)"
611,Nera'thor,nerathor,3,Europe,"Nefarian (612), Gilneas (567), Destromath (582), Ulduar (1323), Mannoroth (591), Gorgonnash (586)"
613,Kult der Verdammten,kult-der-verdammten,3,Europe,"Die Arguswacht (1121), Die ewige Wacht (1118), Die Todeskrallen (1119), Das Syndikat (614), Der abyssische Rat (1326), Das Konsortium (1619), Die Silberne Hand (576)"
617,Der Rat von Dalaran,der-rat-von-dalaran,3,Europe,"Todeswache (1405), Zirkel des Cenarius (592), Der Mithrilorden (1327), Forscherliga (516), Die Nachtwache (1333)"
619,Hellscream,hellscream,3,Europe,Aggramar (500)
626,Ragnaros,ragnaros,3,Europe,
631,Darksorrow,darksorrow,3,Europe,"Genjuros (606), Zenedar (515), Bladefist (521), Neptulon (624), Frostwhisper (632)"
636,The Venture Co,the-venture-co,3,Europe,"Scarshield Legion (1096), Sporeggar (1606), Earthen Ring (561), Defias Brotherhood (635), Ravenholdt (1308), Darkmoon Faire (1317)"
1303,Grim Batol,grim-batol,3,Europe,"Aggra (Português) (1413), Frostmane (1300)"
1304,Jaedenar,jaedenar,3,Europe,"Auchindoun (1597), Dunemaul (529), Sylvanas (628)"
1305,Kazzak,kazzak,3,Europe,
1085,Moonglade,moonglade,3,Europe,"Steamwheedle Cartel (1117), The Sha'tar (1595)"
644,Conseil des Ombres,conseil-des-ombres,3,Europe,"Confrérie du Thorium (1127), La Croisade écarlate (1086), Culte de la Rive noire (1337), Les Sentinelles (647), Kirin Tor (537), Les Clairvoyants (1626)"
594,Nathrezim,nathrezim,3,Europe,"Anetheron (1104), Kil'jaeden (589), Rajaxx (1322), Festung der Stürme (1611), Gul'dan (587)"
1619,Das Konsortium,das-konsortium,3,Europe,"Die Arguswacht (1121), Die ewige Wacht (1118), Die Todeskrallen (1119), Das Syndikat (614), Der abyssische Rat (1326), Kult der Verdammten (613), Die Silberne Hand (576)"
1299,Boulderfist,boulderfist,3,Europe,"Shattered Halls (1598), Chromaggus (1083), Sunstrider (511), Balnazzar (607), Talnivarr (1090), Ahn'Qiraj (1093), Daggerspine (526), Laughing Skull (621), Trollbane (1088)"
527,Deathwing,deathwing,3,Europe,"Karazhan (1596), Dragonblight (507), The Maelstrom (627), Ghostlands (1588), Lightning's Blade (637)"
1404,Area 52,area-52,3,Europe,"Un'Goro (1400), Sen'jin (602)"
1333,Die Nachtwache,die-nachtwache,3,Europe,"Todeswache (1405), Zirkel des Cenarius (592), Der Mithrilorden (1327), Forscherliga (516), Der Rat von Dalaran (617)"
1924,Booty Bay,booty-bay,3,Europe,"Blackscar (1929), Deathweaver (1617), Borean Tundra (1625), Thermaplugg (1926), Grom (1927)"
1603,Lich King,lich-king,3,Europe,"Goldrinn (1928), Greymane (1610)"
1587,Hellfire,hellfire,3,Europe,"Runetotem (547), Arathor (501), Kilrogg (1311), Nagrand (1589)"
1301,Outland,outland,3,Europe,
1610,Greymane,greymane,3,Europe,"Goldrinn (1928), Lich King (1603)"
517,Medivh,medivh,3,Europe,Suramar (1331)
576,Die Silberne Hand,die-silberne-hand,3,Europe,"Die Arguswacht (1121), Die ewige Wacht (1118), Die Todeskrallen (1119), Das Syndikat (614), Der abyssische Rat (1326), Kult der Verdammten (613), Das Konsortium (1619)"
1589,Nagrand,nagrand,3,Europe,"Hellfire (1587), Runetotem (547), Arathor (501), Kilrogg (1311)"
1922,Azuregos,azuregos,3,Europe,
1923,Ashenvale,ashenvale,3,Europe,
1408,Norgannon,norgannon,3,Europe,Dun Morogh (600)
205,Azshara,azshara,2,Korea,
201,Burning Legion,burning-legion,2,Korea,"Durotan (210), Stormrage (2111)"
215,Gul'dan,guldan,2,Korea,"Zul'jin (2116), Malfurion (264), Dalaran (207), Norgannon (211), Garona (212), Hellscream (293), Hyjal (2107), Cenarius (2110)"
264,Malfurion,malfurion,2,Korea,"Zul'jin (2116), Gul'dan (215), Dalaran (207), Norgannon (211), Garona (212), Hellscream (293), Hyjal (2107), Cenarius (2110)"
207,Dalaran,dalaran,2,Korea,"Zul'jin (2116), Gul'dan (215), Malfurion (264), Norgannon (211), Garona (212), Hellscream (293), Hyjal (2107), Cenarius (2110)"
210,Durotan,durotan,2,Korea,"Burning Legion (201), Stormrage (2111)"
211,Norgannon,norgannon,2,Korea,"Zul'jin (2116), Gul'dan (215), Malfurion (264), Dalaran (207), Garona (212), Hellscream (293), Hyjal (2107), Cenarius (2110)"
212,Garona,garona,2,Korea,"Zul'jin (2116), Gul'dan (215), Malfurion (264), Dalaran (207), Norgannon (211), Hellscream (293), Hyjal (2107), Cenarius (2110)"
214,Windrunner,windrunner,2,Korea,"Alexstrasza (258), Rexxar (2106), Deathwing (2108), Wildhammer (2079)"
293,Hellscream,hellscream,2,Korea,"Zul'jin (2116), Gul'dan (215), Malfurion (264), Dalaran (207), Norgannon (211), Garona (212), Hyjal (2107), Cenarius (2110)"
258,Alexstrasza,alexstrasza,2,Korea,"Windrunner (214), Rexxar (2106), Deathwing (2108), Wildhammer (2079)"
2106,Rexxar,rexxar,2,Korea,"Windrunner (214), Alexstrasza (258), Deathwing (2108), Wildhammer (2079)"
2107,Hyjal,hyjal,2,Korea,"Zul'jin (2116), Gul'dan (215), Malfurion (264), Dalaran (207), Norgannon (211), Garona (212), Hellscream (293), Cenarius (2110)"
2108,Deathwing,deathwing,2,Korea,"Windrunner (214), Alexstrasza (258), Rexxar (2106), Wildhammer (2079)"
2110,Cenarius,cenarius,2,Korea,"Zul'jin (2116), Gul'dan (215), Malfurion (264), Dalaran (207), Norgannon (211), Garona (212), Hellscream (293), Hyjal (2107)"
2111,Stormrage,stormrage,2,Korea,"Durotan (210), Burning Legion (201)"
2116,Zul'jin,zuljin,2,Korea,"Gul'dan (215), Malfurion (264), Dalaran (207), Norgannon (211), Garona (212), Hellscream (293), Hyjal (2107), Cenarius (2110)"
2079,Wildhammer,wildhammer,2,Korea,"Windrunner (214), Alexstrasza (258), Rexxar (2106), Deathwing (2108)"
1037,Bleeding Hollow,bleeding-hollow,4,Taiwan,"Dragonmaw (966), World Tree (982), Stormscale (965), Arygos (1038), Frostmane (977), Menethil (1006), Nightsong (1043), Order of the Cloud Serpent (2075)"
1057,Icecrown,icecrown,4,Taiwan,"Shadowmoon (963), Chillwind Point (1001), Spirestone (964), Arthas (1054), Zealot Blade (999), Hellscream (979), Whisperwind (1033), Quel'dorei (1056)"
1001,Chillwind Point,chillwind-point,4,Taiwan,"Shadowmoon (963), Icecrown (1057), Spirestone (964), Arthas (1054), Zealot Blade (999), Hellscream (979), Whisperwind (1033), Quel'dorei (1056)"
982,World Tree,world-tree,4,Taiwan,"Dragonmaw (966), Bleeding Hollow (1037), Stormscale (965), Arygos (1038), Frostmane (977), Menethil (1006), Nightsong (1043), Order of the Cloud Serpent (2075)"
963,Shadowmoon,shadowmoon,4,Taiwan,"Icecrown (1057), Chillwind Point (1001), Spirestone (964), Arthas (1054), Zealot Blade (999), Hellscream (979), Whisperwind (1033), Quel'dorei (1056)"
964,Spirestone,spirestone,4,Taiwan,"Shadowmoon (963), Icecrown (1057), Chillwind Point (1001), Arthas (1054), Zealot Blade (999), Hellscream (979), Whisperwind (1033), Quel'dorei (1056)"
965,Stormscale,stormscale,4,Taiwan,"Dragonmaw (966), Bleeding Hollow (1037), World Tree (982), Arygos (1038), Frostmane (977), Menethil (1006), Nightsong (1043), Order of the Cloud Serpent (2075)"
1038,Arygos,arygos,4,Taiwan,"Dragonmaw (966), Bleeding Hollow (1037), World Tree (982), Stormscale (965), Frostmane (977), Menethil (1006), Nightsong (1043), Order of the Cloud Serpent (2075)"
1049,Wrathbringer,wrathbringer,4,Taiwan,"Skywall (980), Light's Hope (1046), Demon Fall Canyon (1023), Sundown Marsh (978), Crystalpine Stinger (985), Silverwing Hold (1048)"
1054,Arthas,arthas,4,Taiwan,"Shadowmoon (963), Icecrown (1057), Chillwind Point (1001), Spirestone (964), Zealot Blade (999), Hellscream (979), Whisperwind (1033), Quel'dorei (1056)"
999,Zealot Blade,zealot-blade,4,Taiwan,"Shadowmoon (963), Icecrown (1057), Chillwind Point (1001), Spirestone (964), Arthas (1054), Hellscream (979), Whisperwind (1033), Quel'dorei (1056)"
1046,Light's Hope,lights-hope,4,Taiwan,"Skywall (980), Wrathbringer (1049), Demon Fall Canyon (1023), Sundown Marsh (978), Crystalpine Stinger (985), Silverwing Hold (1048)"
1023,Demon Fall Canyon,demon-fall-canyon,4,Taiwan,"Skywall (980), Wrathbringer (1049), Light's Hope (1046), Sundown Marsh (978), Crystalpine Stinger (985), Silverwing Hold (1048)"
966,Dragonmaw,dragonmaw,4,Taiwan,"Bleeding Hollow (1037), World Tree (982), Stormscale (965), Arygos (1038), Frostmane (977), Menethil (1006), Nightsong (1043), Order of the Cloud Serpent (2075)"
978,Sundown Marsh,sundown-marsh,4,Taiwan,"Skywall (980), Wrathbringer (1049), Light's Hope (1046), Demon Fall Canyon (1023), Crystalpine Stinger (985), Silverwing Hold (1048)"
977,Frostmane,frostmane,4,Taiwan,"Dragonmaw (966), Bleeding Hollow (1037), World Tree (982), Stormscale (965), Arygos (1038), Menethil (1006), Nightsong (1043), Order of the Cloud Serpent (2075)"
979,Hellscream,hellscream,4,Taiwan,"Shadowmoon (963), Icecrown (1057), Chillwind Point (1001), Spirestone (964), Arthas (1054), Zealot Blade (999), Whisperwind (1033), Quel'dorei (1056)"
980,Skywall,skywall,4,Taiwan,"Wrathbringer (1049), Light's Hope (1046), Demon Fall Canyon (1023), Sundown Marsh (978), Crystalpine Stinger (985), Silverwing Hold (1048)"
1006,Menethil,menethil,4,Taiwan,"Dragonmaw (966), Bleeding Hollow (1037), World Tree (982), Stormscale (965), Arygos (1038), Frostmane (977), Nightsong (1043), Order of the Cloud Serpent (2075)"
1033,Whisperwind,whisperwind,4,Taiwan,"Shadowmoon (963), Icecrown (1057), Chillwind Point (1001), Spirestone (964), Arthas (1054), Zealot Blade (999), Hellscream (979), Quel'dorei (1056)"
1043,Nightsong,nightsong,4,Taiwan,"Dragonmaw (966), Bleeding Hollow (1037), World Tree (982), Stormscale (965), Arygos (1038), Frostmane (977), Menethil (1006), Order of the Cloud Serpent (2075)"
985,Crystalpine Stinger,crystalpine-stinger,4,Taiwan,"Skywall (980), Wrathbringer (1049), Light's Hope (1046), Demon Fall Canyon (1023), Sundown Marsh (978), Silverwing Hold (1048)"
1048,Silverwing Hold,silverwing-hold,4,Taiwan,"Skywall (980), Wrathbringer (1049), Light's Hope (1046), Demon Fall Canyon (1023), Sundown Marsh (978), Crystalpine Stinger (985)"
1056,Quel'dorei,queldorei,4,Taiwan,"Shadowmoon (963), Icecrown (1057), Chillwind Point (1001), Spirestone (964), Arthas (1054), Zealot Blade (999), Hellscream (979), Whisperwind (1033)"
2075,Order of the Cloud Serpent,order-of-the-cloud-serpent,4,Taiwan,"Dragonmaw (966), Bleeding Hollow (1037), World Tree (982), Stormscale (965), Arygos (1038), Frostmane (977), Menethil (1006), Nightsong (1043)"
5735,Krol Blade,krol-blade,4,Taiwan,
5736,Old Blanchy,old-blanchy,4,Taiwan,